Name,email,Phone 1,Phone 2
Daniel Ford,bsparks@example.org,283.457.0586,001-601-678-1968x30406
Lance Coleman,shannonboyer@example.net,+1-925-346-1960x8128,001-547-980-6641
Joseph Davis,brittany89@example.net,476-322-7710,+1-212-735-6000x37709
Donna Black,afoster@example.org,539-394-1393,499-502-0514x97191
Jose Sanchez,angela99@example.org,(443)422-3343,718-417-5722x07997
Diane Khan,michelleruiz@example.net,(787)219-0831x81982,(213)257-5418
Jerry Taylor,gallen@example.org,909.331.8551,451.353.2319x0291
Edward Velez,hpeterson@example.com,(864)297-4712,547-654-3790
David Winters,mcdonaldshannon@example.org,+1-263-949-8527x223,+1-774-646-1648x853
Larry Navarro,james97@example.org,(264)623-5892,+1-850-273-9979x4507
Laurie Perez,amanda91@example.net,525-849-3317,845.293.7486
Ashley Acosta,phillip19@example.net,319-886-6677x7838,202-904-4598x806
Dorothy Klein,qgalloway@example.com,001-258-350-6007x272,+1-436-856-8709
Rachel Mills,lcampbell@example.net,(465)346-5157x12512,(476)619-6069x03238
Ashley Mueller,charles43@example.org,001-821-815-1446x453,001-479-867-5824x474
Gregory Walker,antoniowilson@example.org,001-637-471-1018x89373,237-339-1511x3691
Ricky Rios,tuckerandrew@example.net,545.249.5100x7634,544-305-2927x154
Jennifer Turner,bpowell@example.com,3339240832,7425645680
Janice Smith,carrtheresa@example.com,981.232.6035x4008,844.902.3955x19861
Gina Lutz,meganbutler@example.com,556.625.5950x58923,001-999-969-8687x208
Dr. Matthew Delgado,dakota08@example.com,997.354.4253,7766784825
Colleen Stokes,samuelgalvan@example.com,617-895-4915x21085,527-302-1125
Brittany Love,tiffany36@example.org,001-951-977-2475,213.421.4323x41081
Taylor Allen,igarza@example.org,284-710-4839x29483,001-876-702-3755
Richard Hanson,kentkimberly@example.org,+1-578-839-9409x439,4117600417
Linda Williamson,donaldboyd@example.org,001-705-266-0612x360,001-417-369-2228x4390
Glenda Sanchez,james73@example.com,001-636-445-5130x1584,3887973742
Cristina Wang,caleb09@example.com,228-890-7405x753,001-256-360-0876
Dr. Julia Bray MD,marcusmiller@example.com,686.932.7949,(672)500-3852x292
Jeffrey Leonard,marthagibson@example.org,+1-688-913-1430,(619)303-9318x6181
Alex Hughes,ashley97@example.org,593-755-6817x167,738.785.4278x9867
Victoria Kaiser,derek60@example.com,8077896917,(754)308-3032
Shelly Marshall,yflores@example.net,+1-230-312-8167,001-324-766-8224
Michelle Smith,ilawson@example.org,(280)986-8252x331,+1-997-839-8672
Christopher Flores,jeffreygriffith@example.net,953-291-0660,(767)771-0415x248
Cody Sweeney,malvarez@example.net,+1-715-268-7983,001-811-518-9613x74086
Aaron Cook,johnharmon@example.org,(326)358-1839x2646,(257)960-8105x22012
Derek Campos,matthewsellers@example.com,6586003977,(300)765-6064x88053
Amber Simpson,carlfleming@example.org,(300)778-6721x7438,(597)985-4802
Tammy Dunn,amanda86@example.com,487.574.4685x579,(359)557-8292
Julie Gonzalez,erinhicks@example.org,001-345-367-4316x3665,+1-230-314-0926x154
Danielle Johns,margaretmoreno@example.com,(826)574-2126,001-699-817-6639
Heidi Cortez,browningmatthew@example.net,(944)906-6305,(262)656-6853
Debra Burke,imiller@example.com,+1-274-707-0283x699,+1-476-251-1670
Rhonda Cantrell,cholland@example.com,377-995-7090,738-865-4541x1497
Kristen Parks,david46@example.org,7716226451,(797)224-4846
Kathy Price,riveraashley@example.net,(622)250-8456x8927,237.611.5337
Gregory Mercado,campbellsarah@example.com,001-707-351-6195x5893,+1-674-695-4231
Courtney Reynolds,matthew17@example.com,+1-460-873-2096x795,206-302-3156x3281
Troy Jones,joseph09@example.com,(371)411-1128x970,949-608-4448x64278
Thomas Johnson,ashley73@example.net,(543)895-6466,(687)317-8014x772
Meagan Hess,umoon@example.com,481-365-0817x332,468.556.1618x17285
Marcus Campbell,wadechristine@example.com,(245)552-3661x50358,(604)475-2978
Aaron Simmons,vickie39@example.com,7159555208,(793)490-4345
Michael Smith,yorkkristie@example.net,319.540.1518,(318)889-2900
Jennifer Hopkins,erikastewart@example.net,+1-543-797-8978x735,4224319208
Belinda Adams,timothy94@example.org,693-549-1017x1541,280.295.1641
Gordon Gonzalez,pearsonmark@example.org,250.491.4963,(761)561-2490x3312
Nicholas Bolton,michael80@example.org,001-885-266-5575x92346,994.758.7316x53534
Casey Gomez,donna85@example.net,818.506.8429,401-381-2921x46152
Joseph Harrell,crossjanice@example.net,+1-523-600-8492x3222,378-742-3554
Lindsay Pena,jim49@example.com,(378)639-9094x76920,(765)824-7069x17594
Jeremy White,gravesdustin@example.org,001-356-621-4822x41065,512-794-0650x895
Kelly Anderson,patrick89@example.com,(869)395-6923x618,+1-672-908-4371x080
Lucas Zimmerman,teresamclaughlin@example.org,569.728.6957x92945,+1-392-626-4618x193
Richard Lang,aporter@example.com,(464)890-1812x774,875-941-9187
Christopher Cole,tiffanywoodard@example.org,+1-644-887-7409x10113,609.646.6487x7400
Bobby Thomas,kelsey95@example.org,+1-962-656-7019x08502,7219843556
Terry Gordon,jason95@example.org,001-840-371-8078,001-982-468-7151x37998
William Miller,phartman@example.org,001-461-424-8605x0817,721.265.6897x668
Adam Johnson,jamie31@example.com,321-821-1193x78141,(633)431-1815
Brittany Walker,nathanhoward@example.com,(569)446-1432x0395,3908724850
Amy Giles,lserrano@example.com,770.286.6232x87805,(935)910-4082x7328
Christian Kirby,maxwellkaren@example.com,+1-822-297-9071x13360,8942832679
Mary Roberts,uclark@example.net,429-540-2473x9267,(424)792-3454x6169
Clayton Flowers,aaron50@example.com,(865)532-8942x73214,840.646.8811
Gary Smith,loganvanessa@example.com,368-580-8380,574-853-2237
James Henderson,lindamaynard@example.org,474-416-3897,(296)943-2166
Julia Huff,phillipssheryl@example.net,(671)435-9223x7839,923-468-7340
Amanda Hamilton,joshua93@example.com,676-429-4969x875,(523)868-7560x130
Diana Smith,djones@example.com,560.727.0461x17381,+1-428-903-4184x264
Joseph Wilkerson,torreszachary@example.org,561-381-6949,001-982-578-7118x682
Lindsey Hunt,aking@example.net,5182105058,(408)520-7053x3763
Tyler Wallace,sschwartz@example.com,2157274822,972-398-5732
Brenda Morris,qware@example.net,+1-957-375-2707x95811,001-207-366-1033x7017
Sandra Lee,ashleetaylor@example.org,+1-953-346-9684x28219,001-689-925-0221x24627
Sandra Hubbard,romeroandrew@example.org,376.642.7647x4203,334.446.4640
Laurie Mcintosh,bryantheather@example.org,8568747667,290.952.0985x975
Patrick Mcfarland,janetwilliams@example.org,+1-892-732-5575x63516,965.347.3337
Brandon Hurst,susanbarr@example.com,513.932.4534,001-870-705-2206x27390
Erika Baker,bcarter@example.com,(462)538-0706x60157,8267109744
Adam Bailey,xburke@example.net,(766)954-6259,603-637-4786x33685
Leslie Martinez,matthew92@example.com,001-529-677-9800x897,001-378-499-8698x068
Kara Davis,eugenelee@example.org,001-262-237-4074x43431,+1-930-455-0163x7285
Johnny Miller,thomas45@example.net,9969947844,001-317-828-1072x2528
Elizabeth Ramsey,beverlydavis@example.org,845-963-6868x17203,300.875.7617x8246
Daniel Coleman,xspencer@example.com,001-996-902-2857x4386,959-633-2120x0469
Jimmy Mathews,jasonlambert@example.net,3742266139,5214109991
Robert Sparks,braygilbert@example.net,(587)562-9522x532,987.336.4015x5148
Austin Maxwell,victormorton@example.com,577.257.2477x76631,(775)883-7163x69830
